criminal,times
criminal-2,Sun Apr 21 18:55:09 2019
criminal-2,Sun Apr 21 18:57:30 2019
criminal-2,Sun Apr 21 18:57:30 2019
criminal-2,Sun Apr 21 18:57:30 2019
criminal-2,Sun Apr 21 18:57:30 2019
criminal-2,Sun Apr 21 18:57:30 2019
criminal-2,Sun Apr 21 18:57:30 2019
criminal-2,Sun Apr 21 18:57:31 2019
criminal-2,Sun Apr 21 18:57:32 2019
criminal-2,Sun Apr 21 18:57:32 2019
criminal-2,Sun Apr 21 18:57:32 2019
criminal-2,Sun Apr 21 18:57:32 2019
criminal-2,Sun Apr 21 18:57:32 2019
criminal-2,Sun Apr 21 18:57:32 2019
criminal-2,Sun Apr 21 18:57:32 2019
criminal-2,Sun Apr 21 18:57:33 2019
criminal-2,Sun Apr 21 18:57:33 2019
criminal-2,Sun Apr 21 18:57:33 2019
criminal-2,Sun Apr 21 18:57:33 2019
criminal-2,Sun Apr 21 18:57:33 2019
criminal-2,Sun Apr 21 18:57:33 2019
criminal-2,Sun Apr 21 18:57:33 2019
criminal-2,Sun Apr 21 18:57:33 2019
criminal-2,Sun Apr 21 18:57:33 2019
criminal-2,Sun Apr 21 18:57:34 2019
criminal-2,Sun Apr 21 18:57:34 2019
criminal-2,Sun Apr 21 18:57:34 2019
criminal-2,Sun Apr 21 18:57:34 2019
criminal-2,Sun Apr 21 18:57:34 2019
criminal-2,Sun Apr 21 18:57:34 2019
criminal-2,Sun Apr 21 18:57:34 2019
criminal-2,Sun Apr 21 18:57:34 2019
criminal-2,Sun Apr 21 18:57:34 2019
criminal-2,Sun Apr 21 18:57:34 2019
criminal-2,Sun Apr 21 18:57:35 2019
criminal-2,Sun Apr 21 18:57:35 2019
criminal-2,Sun Apr 21 18:57:35 2019
criminal-2,Sun Apr 21 18:57:35 2019
criminal-2,Sun Apr 21 18:57:35 2019
criminal-2,Sun Apr 21 18:57:35 2019
criminal-2,Sun Apr 21 18:57:35 2019
criminal-2,Sun Apr 21 18:57:35 2019
criminal-2,Sun Apr 21 18:57:36 2019
criminal-2,Sun Apr 21 18:57:36 2019
criminal-2,Sun Apr 21 18:57:36 2019
criminal-2,Sun Apr 21 18:57:36 2019
criminal-2,Sun Apr 21 18:57:36 2019
criminal-2,Sun Apr 21 18:57:36 2019
criminal-2,Sun Apr 21 18:57:36 2019
criminal-2,Sun Apr 21 18:57:36 2019
criminal-2,Sun Apr 21 18:57:36 2019
criminal-2,Sun Apr 21 18:57:37 2019
criminal-2,Sun Apr 21 18:57:37 2019
criminal-2,Sun Apr 21 18:57:37 2019
criminal-2,Sun Apr 21 18:57:37 2019
criminal-2,Sun Apr 21 18:57:37 2019
criminal-2,Sun Apr 21 18:57:37 2019
criminal-2,Sun Apr 21 18:57:37 2019
criminal-2,Sun Apr 21 18:57:37 2019
criminal-2,Sun Apr 21 18:57:38 2019
criminal-2,Sun Apr 21 18:57:38 2019
criminal-2,Sun Apr 21 18:57:38 2019
criminal-2,Sun Apr 21 18:57:38 2019
criminal-2,Sun Apr 21 18:57:38 2019
criminal-2,Sun Apr 21 18:57:38 2019
criminal-2,Sun Apr 21 18:57:38 2019
criminal-2,Sun Apr 21 18:57:38 2019
criminal-2,Sun Apr 21 18:57:38 2019
criminal-2,Sun Apr 21 18:57:39 2019
criminal-2,Sun Apr 21 18:57:39 2019
criminal-2,Sun Apr 21 18:57:39 2019
criminal-2,Sun Apr 21 18:57:39 2019
criminal-2,Sun Apr 21 18:57:39 2019
criminal-2,Sun Apr 21 18:57:39 2019
criminal-2,Sun Apr 21 18:57:39 2019
criminal-2,Sun Apr 21 18:57:39 2019
criminal-2,Sun Apr 21 18:57:39 2019
criminal-2,Sun Apr 21 18:57:40 2019
criminal-2,Sun Apr 21 18:57:40 2019
criminal-2,Sun Apr 21 18:57:40 2019
